student_id,institution,subject_field,language_proficiency,gender,target_success,p_lstm,p_rf,p_hybrid,pred_label
LA000001,Daugavpils University,Economics,B2,Male,1,0.5912599,0.8002191622911529,0.6121557935064895,1
LA000002,TSI Riga,Psychology,C1,Prefer not to say,0,0.5964592,0.6674208667733164,0.6035553458020875,1
LA000003,TSI Riga,Psychology,C1,Other,1,0.59839785,0.8640991229187965,0.6249679781831455,1
LA000004,TSI Riga,Logistics,B1,Male,1,0.59801346,0.834527027359563,0.6216648232689458,1
LA000005,Daugavpils University,English Philology,C1,Other,1,0.5902674,0.7958831789435105,0.6108289599651213,1
LA000006,Daugavpils University,Data Science,B2,Female,1,0.5929449,0.8893796433273686,0.6225883625871313,1
LA000007,TSI Riga,Engineering,C1,Other,1,0.5958795,0.9205129073262063,0.6283428304016575,1
LA000008,TSI Riga,Business,C2,Prefer not to say,0,0.59242666,0.08980495205383456,0.5421644871144106,0
LA000009,Daugavpils University,Data Science,C2,Male,1,0.5963882,0.8569214999648305,0.6224415129420396,1
LA000010,Daugavpils University,Economics,C1,Prefer not to say,1,0.59534276,0.7299267115273249,0.6088011151758648,1
LA000011,Daugavpils University,Engineering,C2,Other,1,0.5920013,0.9122779841538318,0.624028949691018,1
LA000012,Daugavpils University,English Philology,A2,Other,0,0.60042346,0.10678573542261413,0.5510596474939826,0
LA000013,TSI Riga,Computer Science,C2,Male,1,0.59723246,0.758590673021777,0.613368270259331,1
LA000014,Daugavpils University,Economics,A2,Male,1,0.5936608,0.8371224653140832,0.61800691139118,1
LA000015,Daugavpils University,Business,A2,Other,0,0.6014376,0.36894462456975474,0.578188321938787,0
LA000016,Daugavpils University,Engineering,C1,Other,0,0.5935924,0.10296990695145976,0.5445301435615095,0
LA000017,TSI Riga,Economics,A2,Male,1,0.59692436,0.8383916088724794,0.6210710830369062,1
LA000018,Daugavpils University,English Philology,C1,Other,0,0.5917341,0.43952227582411446,0.5765129337210223,0
LA000019,TSI Riga,Engineering,B2,Female,0,0.59406614,0.1068370434669869,0.5453432092371406,0
LA000020,TSI Riga,Engineering,B2,Male,1,0.59178704,0.9082869200294251,0.6234370222527289,1
LA000021,Daugavpils University,English Philology,B1,Male,0,0.6020565,0.16857344559796997,0.5587082094470346,0
LA000022,TSI Riga,Data Science,B2,Prefer not to say,1,0.59450454,0.8375061573699946,0.6188047033758544,1
LA000023,TSI Riga,Computer Science,B2,Male,0,0.5976162,0.10240926275324314,0.5480954785443063,0
LA000024,Daugavpils University,Data Science,C2,Male,1,0.5955174,0.7625377764297259,0.6122193991143776,1
LA000025,Daugavpils University,English Philology,B2,Female,0,0.59608346,0.41871860121394333,0.5783469820963394,0
LA000026,Daugavpils University,Business,B1,Other,0,0.5954957,0.2229624317666609,0.5582423739292296,0
LA000027,TSI Riga,Economics,B2,Female,1,0.5977072,0.9077557051520946,0.6287120195661128,1
LA000028,Daugavpils University,Logistics,B1,Other,1,0.5948089,0.7497987421226316,0.610307845193861,1
LA000029,TSI Riga,Psychology,B1,Male,1,0.59829956,0.7444031700817245,0.6129099296065916,1
LA000030,TSI Riga,Logistics,C1,Other,1,0.59009624,0.9053089102528497,0.6216175146939555,1
LA000031,TSI Riga,English Philology,C1,Other,1,0.5947703,0.8966665341143593,0.6249599344897745,1
LA000032,Daugavpils University,Psychology,A2,Other,0,0.5939164,0.7352326600962811,0.6080480047982328,1
LA000033,TSI Riga,Engineering,B1,Male,1,0.5981366,0.6050399650291051,0.5988269220705374,0
LA000034,TSI Riga,Computer Science,C1,Male,0,0.5995083,0.3627190558528981,0.5758293625555047,0
LA000035,TSI Riga,Economics,C2,Other,0,0.59617686,0.08210651627060676,0.5447698161511391,0
LA000036,TSI Riga,English Philology,C2,Female,1,0.59417385,0.9068837861062834,0.625444800653475,1
LA000037,TSI Riga,English Philology,A2,Other,0,0.591637,0.31680426895112357,0.5641537526244824,0
LA000038,Daugavpils University,Data Science,B1,Prefer not to say,1,0.59818965,0.7953069670025059,0.6179013655883426,1
LA000039,TSI Riga,Engineering,B2,Female,0,0.5913909,0.0598168660383208,0.538233461868572,0
LA000040,TSI Riga,English Philology,B2,Female,1,0.5950647,0.7338992504237846,0.6089481487667436,1
LA000041,Daugavpils University,Business,B1,Female,1,0.5929798,0.7365227642909756,0.6073340863312887,1
LA000042,Daugavpils University,Engineering,C1,Prefer not to say,0,0.59571195,0.11777489399157726,0.5479182293169128,0
LA000043,TSI Riga,English Philology,B2,Male,1,0.5886537,0.8349930122246987,0.6132876165186429,1
LA000044,Daugavpils University,Computer Science,B2,Male,0,0.5977002,0.08545839596306429,0.5464759705548635,0
LA000045,Daugavpils University,Engineering,B1,Female,1,0.5984906,0.6415901496852242,0.6028005273624738,1
LA000046,TSI Riga,Psychology,B2,Other,1,0.5936307,0.905268405357908,0.6247944448868344,1
LA000047,Daugavpils University,Economics,C2,Male,1,0.59967893,0.8792549903818397,0.6276364975733402,1
LA000048,Daugavpils University,Economics,C1,Male,1,0.5916493,0.8842466474703076,0.6209090173356843,1
LA000049,Daugavpils University,Economics,B1,Male,0,0.5885805,0.11298210516337998,0.5410206626800342,0
LA000050,Daugavpils University,Logistics,C2,Other,1,0.5958723,0.9080796144028664,0.6270930042030429,1
LA000051,TSI Riga,Engineering,A2,Male,1,0.5935432,0.6488130266952591,0.5990701692848213,0
LA000052,Daugavpils University,Economics,C2,Male,0,0.5940152,0.17802751868812344,0.5524164207874219,0
LA000053,TSI Riga,English Philology,C2,Female,0,0.6013001,0.6659823169586522,0.607768351935123,1
LA000054,Daugavpils University,Business,B1,Male,1,0.594116,0.8068288627982498,0.6153872734677828,1
LA000055,TSI Riga,Logistics,C1,Prefer not to say,0,0.5903952,0.07667600252172685,0.5390232792873595,0
LA000056,Daugavpils University,Logistics,B1,Female,0,0.59241503,0.096750139603805,0.5428485154519271,0
LA000057,Daugavpils University,Psychology,B1,Other,1,0.59438694,0.7903702745604098,0.6139852572457749,1
LA000058,Daugavpils University,Psychology,B1,Male,1,0.59312534,0.7759122238907239,0.6114040433004798,1
LA000059,TSI Riga,Psychology,C1,Prefer not to say,0,0.5929277,0.06873133314118081,0.540508034360871,0
LA000060,TSI Riga,Business,C2,Other,0,0.58956504,0.8385528899237763,0.6144638238053048,1
LA000061,TSI Riga,Economics,B1,Other,1,0.6003782,0.8976800860720444,0.6301083725865441,1
LA000062,Daugavpils University,Computer Science,C1,Male,1,0.59404457,0.908122241992489,0.625452297975494,1
LA000063,Daugavpils University,Data Science,A2,Prefer not to say,1,0.6001934,0.8247049940549039,0.6226445068212618,1
LA000064,TSI Riga,Engineering,C1,Other,1,0.59659505,0.8736815231367193,0.6243036605648621,1
LA000065,TSI Riga,English Philology,C2,Other,1,0.59234273,0.8914856229562717,0.6222570351197239,1
LA000066,Daugavpils University,Economics,B1,Prefer not to say,1,0.59945625,0.7530673168989346,0.6148173394093148,1
LA000067,TSI Riga,Economics,B1,Female,0,0.59423876,0.07969266467248755,0.54278416066662,0
LA000068,Daugavpils University,Engineering,C2,Male,1,0.59395385,0.7054354085358507,0.6051020158711327,1
LA000069,TSI Riga,Business,A2,Other,1,0.59693,0.8103339252495071,0.6182703810694148,1
LA000070,Daugavpils University,Economics,C2,Prefer not to say,1,0.59462917,0.8488589673288747,0.6200521603132098,1
LA000071,Daugavpils University,Logistics,B1,Other,1,0.5979539,0.7996766394288987,0.6181261999002263,1
LA000072,Daugavpils University,Engineering,B2,Other,0,0.5932621,0.4219869224984356,0.5761345371480674,0
LA000073,Daugavpils University,Economics,B1,Female,1,0.5984877,0.6561650291883387,0.6042553927084151,1
LA000074,TSI Riga,Psychology,C2,Male,0,0.6046066,0.4221376584351283,0.5863597075778267,0
LA000075,Daugavpils University,Computer Science,C1,Other,0,0.5895895,0.4226746591280458,0.572897994839654,0
LA000076,TSI Riga,Business,B1,Male,0,0.59687465,0.104635012772236,0.5476506603386555,0
LA000077,TSI Riga,Economics,A2,Female,0,0.60478914,0.33828513945929767,0.5781387260812447,0
LA000078,TSI Riga,Engineering,B1,Other,1,0.59860945,0.7798966279303644,0.6167381655243597,1
LA000079,Daugavpils University,Economics,A2,Prefer not to say,0,0.59339565,0.4333846150677318,0.577394528973509,0
LA000080,Daugavpils University,Data Science,B2,Other,0,0.59604037,0.09806218800581275,0.5462425381517776,0
LA000081,Daugavpils University,Business,B2,Male,1,0.5956003,0.8579333788121193,0.6218335843678757,1
LA000082,Daugavpils University,Logistics,C1,Female,1,0.5948091,0.875911795988626,0.6229193889990395,1
LA000083,TSI Riga,Computer Science,C1,Female,1,0.5922365,0.7901897725274996,0.6120318442266269,1
LA000084,TSI Riga,Logistics,B1,Male,1,0.5924026,0.8423680967547312,0.617399105493802,1
LA000085,TSI Riga,English Philology,B2,Prefer not to say,1,0.59107125,0.8810648166764653,0.6200706049167004,1
LA000086,Daugavpils University,Business,B1,Prefer not to say,1,0.5905678,0.7895924275729473,0.6104702514967661,1
LA000087,TSI Riga,Computer Science,A2,Male,0,0.60030437,0.5922432049943416,0.5994982252998492,0
LA000088,TSI Riga,Engineering,B2,Female,1,0.6000922,0.8379709497041518,0.6238800264889699,1
LA000089,Daugavpils University,Psychology,C2,Other,1,0.5988982,0.8881081552956768,0.6278191349074669,1
LA000090,Daugavpils University,Logistics,C2,Other,1,0.59463274,0.9155150028737842,0.6267209825185185,1
LA000091,TSI Riga,Logistics,C1,Prefer not to say,1,0.5940186,0.7787449569851447,0.6124912044540076,1
LA000092,Daugavpils University,Data Science,A2,Prefer not to say,0,0.5921566,0.2798185625046331,0.5609227804180964,0
LA000093,Daugavpils University,Economics,C2,Male,0,0.5941198,0.4725533970467831,0.5819631243573883,0
LA000094,Daugavpils University,Engineering,B2,Male,1,0.5945504,0.8834321996752681,0.6234385540205664,1
LA000095,Daugavpils University,Economics,A2,Other,1,0.60074127,0.7933661152953524,0.6200037281715335,1
LA000096,Daugavpils University,English Philology,C1,Male,0,0.5949415,0.06597724487588284,0.5420450835726713,0
LA000097,TSI Riga,Economics,A2,Female,1,0.596044,0.826138299521935,0.6190534275588524,1
LA000098,TSI Riga,Business,C2,Other,1,0.5957174,0.7965571655864767,0.6158013440572744,1
LA000099,TSI Riga,Logistics,B1,Other,1,0.5951313,0.8622038574464329,0.6218385121370078,1
LA000100,TSI Riga,Engineering,B2,Prefer not to say,1,0.59379256,0.8107035595369867,0.6154836340565735,1
LA000101,Daugavpils University,Computer Science,A2,Female,1,0.5900644,0.8043678583445799,0.6114947396689917,1
LA000102,TSI Riga,Computer Science,A2,Other,0,0.5968387,0.31784875382968314,0.5689397287269319,0
LA000103,Daugavpils University,Psychology,C2,Female,1,0.59628046,0.7964136096412221,0.6162937471526293,1
LA000104,Daugavpils University,Business,B2,Female,1,0.59731936,0.875728049176052,0.6251602091687039,1
LA000105,Daugavpils University,Engineering,B2,Other,1,0.59550047,0.8950529900756955,0.6254557212945568,1
LA000106,TSI Riga,Engineering,C1,Male,1,0.59336084,0.7843276977420569,0.6124574851977896,1
LA000107,TSI Riga,Business,B1,Male,1,0.5924728,0.8089781795112179,0.6141232946929125,1
LA000108,Daugavpils University,Psychology,A2,Other,0,0.59802234,0.05784931675128802,0.5440050392305182,0
LA000109,TSI Riga,Logistics,C1,Female,1,0.5920062,0.725403477714757,0.6053459097908238,1
LA000110,TSI Riga,Engineering,C1,Other,0,0.5971315,0.12368591492468917,0.5497868973663398,0
LA000111,TSI Riga,Data Science,B2,Male,0,0.59431374,0.09283164833806791,0.5441655314910638,0
LA000112,Daugavpils University,Data Science,C1,Male,1,0.5853629,0.781949150290407,0.6050215351309693,1
LA000113,TSI Riga,Economics,B2,Male,1,0.59547377,0.8613069367372139,0.6220570952888642,1
LA000114,TSI Riga,Computer Science,C1,Male,0,0.5975226,0.30668952475451905,0.5684392833813662,0
LA000115,TSI Riga,English Philology,B2,Male,1,0.5963416,0.8847773374665561,0.6251851946269351,1
LA000116,Daugavpils University,Engineering,A2,Prefer not to say,1,0.59877014,0.8443529622761995,0.6233283998271683,1
LA000117,TSI Riga,Economics,B1,Other,1,0.60224634,0.6838992235207516,0.610411614151239,1
LA000118,Daugavpils University,Computer Science,B2,Male,1,0.6009562,0.8693635460219281,0.627796947921132,1
LA000119,Daugavpils University,Psychology,C2,Other,1,0.6011127,0.8506620504165476,0.6260676441361982,1
LA000120,Daugavpils University,Logistics,A2,Other,1,0.592821,0.8158248111570419,0.615121359079724,1
LA000121,Daugavpils University,Engineering,A2,Male,1,0.5962647,0.8752821794141056,0.6241664778291058,1
LA000122,Daugavpils University,Computer Science,A2,Other,0,0.59992003,0.062319652403722094,0.5461599842871556,0
LA000123,Daugavpils University,Economics,B2,Other,0,0.59501123,0.8676134108424176,0.6222714638602732,1
LA000124,TSI Riga,Business,C1,Other,0,0.5994495,0.10004769622224224,0.5495092976678785,0
LA000125,TSI Riga,Engineering,C2,Female,1,0.59454936,0.7910270751362569,0.6141970878923488,1
LA000126,TSI Riga,Engineering,B2,Prefer not to say,1,0.5950104,0.7970943204077726,0.6152187799564266,1
LA000127,Daugavpils University,Engineering,B1,Other,0,0.5952575,0.07079334747910844,0.5428110675932173,0
LA000128,TSI Riga,Engineering,A2,Other,1,0.59941626,0.7917116840560384,0.6186457749195808,1
LA000129,TSI Riga,Data Science,B2,Prefer not to say,0,0.5919838,0.1573234104529351,0.5485177566947076,0
LA000130,Daugavpils University,Business,C1,Male,1,0.59167945,0.6867108490340254,0.6011825576054289,1
LA000131,Daugavpils University,Engineering,C1,Other,0,0.59113616,0.05346782372176667,0.5373693181731105,0
LA000132,Daugavpils University,Psychology,B1,Prefer not to say,0,0.5901879,0.3570315117500233,0.5668722676720421,0
LA000133,Daugavpils University,Computer Science,C1,Other,1,0.5975529,0.9004748829676533,0.627845058525342,1
LA000134,Daugavpils University,Psychology,B2,Other,1,0.5943816,0.8713160688128256,0.6220750086947896,1
LA000135,TSI Riga,Engineering,C2,Other,1,0.597663,0.8635641635144178,0.6242531091042799,1
LA000136,TSI Riga,Logistics,A2,Prefer not to say,0,0.5996688,0.12026348763293532,0.5517282277877992,0
LA000137,TSI Riga,Computer Science,C2,Prefer not to say,1,0.5952215,0.76175156869261,0.6118745243924544,1
LA000138,TSI Riga,Engineering,C2,Male,1,0.596249,0.8652332000074549,0.6231473939829842,1
LA000139,TSI Riga,Engineering,C1,Female,1,0.59417737,0.8535744281666479,0.6201170835103293,1
LA000140,TSI Riga,Data Science,B2,Prefer not to say,1,0.5979493,0.9068541891188143,0.6288397825440836,1
LA000141,TSI Riga,Business,B2,Female,0,0.592708,0.06181414318686582,0.5396186067587195,0
LA000142,TSI Riga,Computer Science,C2,Female,0,0.5965952,0.2872889977100905,0.5656645868361335,0
LA000143,Daugavpils University,Economics,C1,Male,0,0.59596336,0.07570618691593212,0.5439376178409158,0
LA000144,TSI Riga,Economics,C2,Female,1,0.5980861,0.8662581056271172,0.6249033173910198,1
LA000145,Daugavpils University,Computer Science,A2,Male,0,0.5889197,0.15642838394282774,0.5456705259438739,0
LA000146,TSI Riga,Logistics,C2,Prefer not to say,1,0.59547275,0.899517998287004,0.6258772477695268,1
LA000147,Daugavpils University,Economics,B2,Male,1,0.59562767,0.8849085009021145,0.6245557132951675,1
LA000148,Daugavpils University,Business,C1,Female,1,0.6001858,0.7805482777307501,0.6182220402593421,1
LA000149,Daugavpils University,English Philology,B1,Other,1,0.59405947,0.7739082799318138,0.612044312814501,1
LA000150,TSI Riga,English Philology,B2,Female,1,0.5954076,0.8817423032065971,0.6240410868956718,1
LA000151,TSI Riga,Engineering,C1,Female,0,0.59678125,0.1106725465446612,0.5481703711667647,0
LA000152,TSI Riga,Economics,C1,Other,1,0.59935224,0.8401858875089842,0.6234356171780224,1
LA000153,Daugavpils University,Economics,B1,Male,1,0.5925145,0.7637211584789984,0.6096351435158991,1
LA000154,Daugavpils University,Economics,A2,Other,0,0.5919117,0.09598440621958461,0.5423189468132121,0
LA000155,TSI Riga,Psychology,A2,Prefer not to say,1,0.5938629,0.7482365581401128,0.6093002340496375,1
LA000156,TSI Riga,Logistics,C2,Other,1,0.6020944,0.9256803704382613,0.6344529957878752,1
LA000157,Daugavpils University,Business,C1,Male,1,0.58878386,0.8643522850590215,0.6163406669290589,1
LA000158,Daugavpils University,Psychology,C1,Female,1,0.59482837,0.7493494723602907,0.6102804419831909,1
LA000159,TSI Riga,Business,A2,Other,1,0.59580356,0.7974290406971241,0.6159660772111919,1
LA000160,TSI Riga,Computer Science,A2,Female,1,0.59513044,0.6060838579101142,0.5962257969276386,0
LA000161,Daugavpils University,Logistics,B2,Female,0,0.5906981,0.1203974867981873,0.5436680593602081,0
LA000162,TSI Riga,Logistics,C2,Prefer not to say,1,0.6000761,0.9293767456946042,0.6330061221593346,1
LA000163,Daugavpils University,Psychology,C2,Male,0,0.5964997,0.0893907673668032,0.545788754299394,0
LA000164,Daugavpils University,English Philology,C1,Male,0,0.6027119,0.3878878462794099,0.5812294970798758,0
LA000165,TSI Riga,Business,C1,Other,0,0.5936289,0.07582452565551526,0.5418484475911863,0
LA000166,TSI Riga,Data Science,B2,Prefer not to say,1,0.596609,0.9183065734579963,0.6287787421770374,1
LA000167,TSI Riga,Computer Science,C1,Other,0,0.5953102,0.07254638187596597,0.5430338163301442,0
LA000168,TSI Riga,Economics,B1,Prefer not to say,0,0.59857595,0.20602136763049084,0.559320479544116,0
LA000169,TSI Riga,Engineering,C2,Other,1,0.5984782,0.9402742070653046,0.6326577870319089,1
LA000170,Daugavpils University,Computer Science,A2,Male,0,0.59324276,0.137803678381456,0.5476988677847399,0
LA000171,Daugavpils University,Economics,A2,Prefer not to say,1,0.59403515,0.8077791134549669,0.6154095212621837,1
LA000172,Daugavpils University,Business,C1,Prefer not to say,1,0.5947217,0.7947616618691826,0.6147256378513469,1
LA000173,Daugavpils University,Business,B1,Prefer not to say,0,0.5918127,0.6271754563191417,0.5953489428792286,0
LA000174,Daugavpils University,Psychology,A2,Other,1,0.5956409,0.8655027868871045,0.6226270628226216,1
LA000175,Daugavpils University,Psychology,C1,Female,1,0.5954659,0.9064309340610884,0.6265624020685234,1
LA000176,TSI Riga,Psychology,B1,Male,1,0.5994977,0.7044323251316075,0.6099911527402115,1
LA000177,TSI Riga,English Philology,C1,Other,1,0.60076404,0.9171145634363231,0.6323990769834333,1
LA000178,Daugavpils University,Computer Science,C2,Male,1,0.59733903,0.8551872169378558,0.6231238285243825,1
LA000179,TSI Riga,Business,C1,Female,1,0.59315693,0.8726380636705249,0.6211050586940178,1
LA000180,TSI Riga,Psychology,C1,Female,1,0.5934402,0.8060943272122786,0.6147055545092528,1
LA000181,Daugavpils University,Computer Science,C1,Other,1,0.5948221,0.8930717024745161,0.6246470621580046,1
LA000182,TSI Riga,Engineering,A2,Other,1,0.59914255,0.8916187490959736,0.6283901354267177,1
LA000183,TSI Riga,Psychology,B2,Prefer not to say,0,0.5996196,0.4368008918658167,0.5833377415646639,0
LA000184,Daugavpils University,Data Science,C1,Female,1,0.6055787,0.8913894717061179,0.6341597658809389,1
LA000185,TSI Riga,Logistics,B2,Other,1,0.5929884,0.9055306266718992,0.6242425615685571,1
LA000186,Daugavpils University,Logistics,B1,Female,0,0.5938096,0.1202238917517227,0.5464510452763991,0
LA000187,TSI Riga,Engineering,A2,Other,0,0.59300864,0.4286871650448098,0.5765764544271494,0
LA000188,TSI Riga,Psychology,C2,Other,1,0.5995565,0.9226554246626404,0.6318663916178754,1
LA000189,Daugavpils University,Data Science,C2,Other,0,0.60050666,0.12705494159006533,0.5531614911492104,0
LA000190,Daugavpils University,Psychology,C2,Prefer not to say,1,0.5963737,0.8870105900225653,0.6254373685306074,1
LA000191,Daugavpils University,Economics,B1,Prefer not to say,0,0.5968213,0.15600743774012146,0.5527399210963998,0
LA000192,Daugavpils University,Engineering,C2,Other,1,0.5951743,0.9212958047108394,0.6277864498825524,1
LA000193,TSI Riga,Psychology,C1,Male,1,0.60247886,0.813420454304785,0.6235730091374487,1
LA000194,TSI Riga,Business,C1,Prefer not to say,1,0.60080826,0.8974707309857768,0.6304745096410886,1
LA000195,Daugavpils University,English Philology,B2,Prefer not to say,1,0.5997944,0.7812911242464554,0.61794406146029,1
LA000196,TSI Riga,Computer Science,C2,Prefer not to say,1,0.5984339,0.9000448743117518,0.6285949782491989,1
LA000197,Daugavpils University,Computer Science,B1,Female,1,0.598624,0.7256070782493744,0.6113222639734665,1
LA000198,TSI Riga,Computer Science,A2,Prefer not to say,1,0.5929221,0.8659483378109856,0.6202247280376904,1
LA000199,Daugavpils University,Engineering,B1,Female,0,0.5974206,0.3573511666370511,0.5734135968120205,0
LA000200,TSI Riga,English Philology,B2,Male,1,0.59494746,0.8273168960185523,0.618184413104968,1
LA000201,TSI Riga,Psychology,C2,Female,1,0.5952289,0.8483080584185203,0.6205367894806154,1
LA000202,Daugavpils University,Data Science,C1,Other,1,0.59754086,0.8943980902367683,0.6272265908115491,1
LA000203,TSI Riga,Business,B2,Prefer not to say,0,0.60041714,0.056944249559744885,0.546069836466442,0
LA000204,TSI Riga,Economics,A2,Female,0,0.5936292,0.1464173860802459,0.5489079720522384,0
LA000205,TSI Riga,Business,B2,Female,1,0.5942533,0.7435789171062762,0.6091858393272047,1
LA000206,TSI Riga,English Philology,C1,Other,1,0.5953795,0.8887423243219345,0.6247157570331761,1
LA000207,Daugavpils University,Business,C2,Other,0,0.59912443,0.09118221358944519,0.5483302098080411,0
LA000208,Daugavpils University,Business,C1,Prefer not to say,1,0.59490526,0.8445966756381554,0.6198743633035616,1
LA000209,TSI Riga,Computer Science,C2,Male,1,0.59040976,0.8883488940770079,0.6202036814647381,1
LA000210,TSI Riga,Computer Science,B1,Female,0,0.59729004,0.06528368816334815,0.5440893682097979,0
LA000211,Daugavpils University,Computer Science,B1,Male,0,0.59675837,0.06144619363142885,0.5432271126683492,0
LA000212,Daugavpils University,Computer Science,C2,Female,1,0.59240067,0.8741757192270444,0.6205781392063348,1
LA000213,Daugavpils University,Business,B2,Other,1,0.5958398,0.912483149732,0.6275040918553716,1
LA000214,Daugavpils University,Psychology,C1,Male,1,0.5938919,0.9281598198668084,0.6273186670567187,1
LA000215,Daugavpils University,Computer Science,C2,Other,1,0.5905248,0.8108565221480146,0.6125579775398137,1
LA000216,TSI Riga,Psychology,B2,Prefer not to say,1,0.5940046,0.7943267185005501,0.6140367444208558,1
LA000217,Daugavpils University,Data Science,A2,Male,0,0.59670687,0.6393534854712181,0.6009715290433376,1
LA000218,Daugavpils University,Economics,C2,Female,1,0.59469354,0.8395689164428786,0.6191810909393318,1
LA000219,TSI Riga,Computer Science,A2,Prefer not to say,0,0.5956825,0.06860461696277464,0.5429746775471075,0
LA000220,Daugavpils University,Economics,A2,Female,0,0.60336,0.04877118750796042,0.5479011222565028,0
LA000221,Daugavpils University,Economics,B1,Other,1,0.59446776,0.7231189705217153,0.6073328445085313,1
LA000222,TSI Riga,Engineering,C1,Male,1,0.5993893,0.8186361295130011,0.6213139603748535,1
LA000223,TSI Riga,Engineering,C1,Male,1,0.59654695,0.769230510108128,0.613815286289896,1
LA000224,TSI Riga,Economics,B1,Female,1,0.59781086,0.6585594704464852,0.6038857369692701,1
LA000225,TSI Riga,Computer Science,C1,Other,0,0.597646,0.07084802969484907,0.5449661773286157,0
LA000226,Daugavpils University,Engineering,C1,Female,1,0.5996064,0.8335198420497488,0.622997715654102,1
LA000227,Daugavpils University,Economics,C1,Female,1,0.5969091,0.9277116103645927,0.6299893145131743,1
LA000228,Daugavpils University,Data Science,A2,Other,1,0.5985637,0.7152296776545227,0.6102302836872358,1
LA000229,TSI Riga,Engineering,A2,Male,1,0.5951844,0.8495281141357275,0.6206187407310471,1
LA000230,TSI Riga,Business,B2,Other,1,0.5941348,0.9002622711253812,0.624747542019612,1
LA000231,TSI Riga,English Philology,B1,Other,1,0.5942019,0.8511085567626616,0.6198925500884975,1
LA000232,TSI Riga,Business,B1,Other,0,0.5993507,0.08058355744540704,0.5474739536601901,0
LA000233,TSI Riga,Economics,A2,Prefer not to say,0,0.5928819,0.04998724796947544,0.5385924390341607,0
LA000234,Daugavpils University,Business,A2,Male,1,0.5935044,0.8555672393942104,0.6197107218375228,1
LA000235,TSI Riga,Data Science,B1,Male,0,0.5937569,0.36991355987349345,0.571372566791335,0
LA000236,Daugavpils University,Psychology,B2,Male,1,0.6006946,0.876857326484311,0.6283108280158627,1
LA000237,Daugavpils University,Business,B1,Prefer not to say,0,0.59772575,0.37652757570895123,0.5756058959223356,0
LA000238,TSI Riga,Economics,B2,Other,1,0.5883989,0.8743985624873041,0.6169988128718078,1
LA000239,TSI Riga,Computer Science,B1,Male,0,0.59676874,0.08014078857213788,0.5451059300916499,0
LA000240,TSI Riga,Economics,C1,Female,1,0.5926652,0.8675470624936884,0.6201533940888768,1
LA000241,TSI Riga,English Philology,B1,Other,0,0.59264994,0.07276066314754195,0.5406609854813191,0
LA000242,Daugavpils University,Data Science,A2,Female,0,0.5987194,0.11092573324203009,0.5499400197658534,0
LA000243,Daugavpils University,Engineering,C2,Other,1,0.59412336,0.9102514322302416,0.625736146526552,1
LA000244,Daugavpils University,English Philology,C2,Prefer not to say,1,0.5974834,0.9048984862634858,0.6282248935825558,1
LA000245,Daugavpils University,Logistics,B1,Other,0,0.6009805,0.3236748967471188,0.5732499578982837,0
LA000246,Daugavpils University,Psychology,C2,Prefer not to say,0,0.5958626,0.10802011423981987,0.5470783519086011,0
LA000247,Daugavpils University,Data Science,B2,Other,1,0.5943339,0.7881063140753324,0.613711117876802,1
LA000248,TSI Riga,Engineering,B1,Male,1,0.59090304,0.8161841888489861,0.6134311463362231,1
LA000249,TSI Riga,Economics,A2,Prefer not to say,1,0.595879,0.8422052393472401,0.6205116463712474,1
LA000250,TSI Riga,Logistics,B1,Female,0,0.5927787,0.36445912587979423,0.5699467031839878,0
LA000251,Daugavpils University,Computer Science,B1,Prefer not to say,0,0.5962685,0.07253197638482367,0.543894795386285,0
LA000252,TSI Riga,Business,B2,Male,0,0.5944147,0.36787288666074547,0.5717604928019693,0
LA000253,Daugavpils University,Engineering,C1,Male,1,0.59881425,0.8932397391907402,0.6282567742120427,1
LA000254,TSI Riga,Computer Science,C1,Prefer not to say,1,0.58875775,0.8033239733191482,0.61021435152503,1
LA000255,Daugavpils University,Computer Science,B2,Other,0,0.602025,0.7799449544131205,0.6198169289129918,1
LA000256,Daugavpils University,Computer Science,C2,Prefer not to say,1,0.59143937,0.8801643650527444,0.62031184236999,1
LA000257,TSI Riga,English Philology,A2,Prefer not to say,1,0.59780645,0.6354544064692981,0.6015712370603514,1
LA000258,Daugavpils University,Psychology,A2,Prefer not to say,0,0.59797,0.08081102928656246,0.5462541228146731,0
LA000259,TSI Riga,Economics,A2,Female,1,0.5950556,0.671787869313219,0.6027287852147081,1
LA000260,TSI Riga,Logistics,C1,Other,1,0.5922904,0.5626212052817047,0.5893234460782498,0
LA000261,Daugavpils University,Computer Science,B1,Other,0,0.5932685,0.061671930603495115,0.5401088196091166,0
LA000262,TSI Riga,Engineering,C1,Female,1,0.59409,0.8464349297652052,0.6193244555390816,1
LA000263,Daugavpils University,Computer Science,B1,Male,1,0.59779453,0.7790203735182006,0.6159171049291821,1
LA000264,Daugavpils University,Computer Science,B1,Male,0,0.59005487,0.10426740552382577,0.5414761113180686,0
LA000265,Daugavpils University,Engineering,A2,Male,1,0.5997492,0.8380490498767746,0.6235792036555852,1
LA000266,TSI Riga,English Philology,C2,Other,1,0.592705,0.9300567559822663,0.6264401858292447,1
LA000267,TSI Riga,Logistics,B1,Prefer not to say,1,0.58393043,0.8071303046849759,0.6062504021039345,1
LA000268,TSI Riga,Logistics,B1,Other,1,0.6002754,0.8464859284108471,0.6248964504117329,1
LA000269,TSI Riga,Data Science,C1,Female,0,0.59566635,0.4331263839378884,0.5794123107112937,0
LA000270,Daugavpils University,English Philology,A2,Female,0,0.5962193,0.08379029327410889,0.5449764004287903,0
LA000271,Daugavpils University,Computer Science,B1,Male,0,0.5998389,0.3629593096453759,0.5761509343214711,0
LA000272,TSI Riga,Engineering,C1,Female,1,0.5995048,0.9077101758062096,0.6303253751093074,1
LA000273,Daugavpils University,Computer Science,B2,Female,1,0.5979005,0.8798961918382637,0.626100054192829,1
LA000274,TSI Riga,Data Science,C2,Prefer not to say,0,0.5920389,0.08448547301682616,0.5412835540155498,0
LA000275,TSI Riga,Engineering,B1,Prefer not to say,0,0.59383553,0.050710567403927084,0.5395230182577266,0
LA000276,Daugavpils University,English Philology,C2,Male,0,0.5956606,0.48579976881684067,0.5846745231997382,0
LA000277,Daugavpils University,Logistics,B2,Other,1,0.59554017,0.9220648142672258,0.6281926068959303,1
LA000278,Daugavpils University,Engineering,A2,Female,1,0.59627414,0.8360990942396954,0.6202566331712229,1
LA000279,TSI Riga,Psychology,C2,Female,1,0.59910953,0.8569962437396073,0.6248982017779829,1
LA000280,TSI Riga,Data Science,A2,Female,1,0.5929754,0.9007288291979847,0.6237506993107896,1
LA000281,Daugavpils University,Logistics,A2,Prefer not to say,1,0.59554464,0.8408523094900788,0.6200754095340604,1
LA000282,Daugavpils University,Economics,C1,Other,1,0.5910854,0.8885073632758683,0.6208275553659779,1
LA000283,Daugavpils University,English Philology,A2,Female,0,0.593421,0.06258150751724097,0.5403370467974089,0
LA000284,TSI Riga,Data Science,A2,Female,0,0.59929025,0.23582309044676358,0.5629435475242907,0
LA000285,TSI Riga,Computer Science,B2,Prefer not to say,0,0.59027344,0.08277104045765386,0.5395231701392103,0
LA000286,TSI Riga,Data Science,B1,Male,0,0.59892005,0.04410477554153701,0.5434385260694735,0
LA000287,TSI Riga,Business,A2,Male,0,0.6009859,0.09281067683143132,0.5501683638829418,0
LA000288,Daugavpils University,Business,C1,Other,1,0.59599566,0.8639818195965036,0.6227942681756232,1
LA000289,TSI Riga,Logistics,A2,Other,0,0.6006695,0.09023895989225364,0.5496264608009319,0
LA000290,TSI Riga,Engineering,C1,Prefer not to say,1,0.59187174,0.894880645590637,0.6221726291495178,1
LA000291,Daugavpils University,Engineering,B2,Prefer not to say,1,0.59290993,0.8683192508796559,0.6204508520899187,1
LA000292,Daugavpils University,Business,B2,Female,1,0.594956,0.8250974766463336,0.6179701005622774,1
LA000293,Daugavpils University,Economics,C1,Prefer not to say,1,0.5942949,0.872113622069775,0.6220767415404735,1
LA000294,Daugavpils University,Computer Science,C2,Male,1,0.5989452,0.7563341956703786,0.6146840582427275,1
LA000295,TSI Riga,Business,A2,Prefer not to say,0,0.5845363,0.2761982419784527,0.5537025187283323,0
LA000296,TSI Riga,Logistics,B2,Prefer not to say,1,0.5989952,0.9094298606157688,0.6300386858487168,1
LA000297,Daugavpils University,Engineering,C2,Male,1,0.60023695,0.7774266258656581,0.6179558898585995,1
LA000298,Daugavpils University,English Philology,B2,Other,0,0.5948291,0.08304503110475438,0.5436506535087299,0
LA000299,Daugavpils University,Logistics,C1,Male,1,0.5913663,0.796684811636415,0.6118981431051698,1
LA000300,TSI Riga,Business,C2,Other,1,0.59919894,0.8782977996175223,0.6271088236362212,1
LA000301,Daugavpils University,English Philology,B1,Prefer not to say,0,0.5944993,0.0476203120378239,0.5398113504710553,0
LA000302,TSI Riga,Engineering,B2,Prefer not to say,0,0.59467715,0.08173214780831074,0.5433826321239708,0
LA000303,Daugavpils University,Psychology,A2,Male,0,0.5992613,0.06457085714643887,0.5457922173598465,0
LA000304,Daugavpils University,English Philology,C2,Female,0,0.59227633,0.45212999017619365,0.5782616883830063,0
LA000305,TSI Riga,Data Science,C1,Female,0,0.5876698,0.6669076634689728,0.5955935354356424,0
LA000306,TSI Riga,Data Science,C1,Prefer not to say,1,0.59309703,0.6735745818314882,0.6011447683065925,1
LA000307,Daugavpils University,English Philology,C1,Male,1,0.599149,0.8549451967434021,0.6247286214466485,1
LA000308,Daugavpils University,Logistics,B2,Other,1,0.59398806,0.8119763212555529,0.615786863139807,1
LA000309,Daugavpils University,Data Science,C2,Other,1,0.5954789,0.8957380383232013,0.6255047950051107,1
LA000310,Daugavpils University,Logistics,C2,Male,1,0.5923054,0.8837602304620177,0.6214508788506451,1
LA000311,Daugavpils University,Psychology,C2,Female,0,0.59543467,0.08142509772088412,0.544033685042169,0
LA000312,Daugavpils University,Economics,C2,Male,1,0.5931135,0.8749953735678941,0.6213016294321373,1
LA000313,TSI Riga,Computer Science,C2,Male,0,0.59409577,0.07283728197016962,0.5419698763636734,0
LA000314,TSI Riga,Data Science,C1,Female,0,0.5972447,0.08598378701436742,0.5461185489132288,0
LA000315,TSI Riga,Engineering,C2,Male,1,0.59768116,0.8984590568424344,0.62775893010975,1
LA000316,TSI Riga,Computer Science,C2,Female,1,0.59367275,0.7530280657368955,0.6096082598741657,1
LA000317,TSI Riga,English Philology,B1,Other,0,0.58796704,0.6035786011883774,0.5895281944579795,0
LA000318,Daugavpils University,Logistics,B1,Female,0,0.5958456,0.4360023320528848,0.5798612552962004,0
LA000319,TSI Riga,Economics,C2,Male,0,0.5945555,0.41657935551525727,0.576757859162213,0
LA000320,TSI Riga,Data Science,B2,Female,1,0.5999702,0.8449202832828763,0.6244652276958108,1
LA000321,Daugavpils University,Data Science,B1,Male,1,0.5924134,0.8129864806188924,0.6144707190419613,1
LA000322,TSI Riga,Business,B2,Male,1,0.60704166,0.896850460369534,0.6360225313503689,1
LA000323,TSI Riga,Computer Science,A2,Female,1,0.5980189,0.6602523291103773,0.6042422410248988,1
LA000324,TSI Riga,Economics,C1,Male,0,0.5956957,0.09620717277476118,0.5457467944526165,0
LA000325,TSI Riga,Psychology,C2,Male,0,0.59823287,0.09396673520669839,0.5478062642418002,0
LA000326,TSI Riga,Psychology,A2,Prefer not to say,1,0.5944742,0.849358235819118,0.6199626122934596,1
LA000327,Daugavpils University,Psychology,C2,Female,1,0.600593,0.8623374269577682,0.626767404538123,1
LA000328,Daugavpils University,Logistics,B2,Male,1,0.5894617,0.8461539688778569,0.6151308888502185,1
LA000329,TSI Riga,Computer Science,A2,Female,1,0.6003719,0.8499219309966138,0.6253268946377473,1
LA000330,TSI Riga,Engineering,B2,Prefer not to say,1,0.5971198,0.7509447130646087,0.6125022867628512,1
LA000331,Daugavpils University,Psychology,C2,Male,0,0.5944399,0.17495827974033462,0.5524917414795877,0
LA000332,TSI Riga,Economics,C2,Prefer not to say,1,0.59208244,0.9309968039259209,0.6259738473580767,1
LA000333,TSI Riga,Engineering,B1,Prefer not to say,1,0.5989602,0.7760565742976104,0.6166698263598147,1
LA000334,TSI Riga,English Philology,C1,Other,0,0.5994118,0.1631577597090431,0.5557863889736814,0
LA000335,TSI Riga,Data Science,C2,Prefer not to say,0,0.59271014,0.7268222071549483,0.6061213205041606,1
LA000336,TSI Riga,English Philology,C1,Male,1,0.59903735,0.8362017586549895,0.622753784206716,1
LA000337,TSI Riga,Computer Science,A2,Male,1,0.5979229,0.7972233317631127,0.6178529741598928,1
LA000338,TSI Riga,Psychology,C1,Male,0,0.594982,0.37724072124446295,0.5732079092521318,0
LA000339,TSI Riga,Engineering,B2,Male,1,0.5950153,0.8484106905511988,0.6203548277144827,1
LA000340,TSI Riga,English Philology,A2,Female,1,0.5925927,0.8468299175577075,0.6180164125092498,1
LA000341,TSI Riga,Business,B2,Other,1,0.59087974,0.8000403100430902,0.6117957776206725,1
LA000342,Daugavpils University,Computer Science,C1,Other,0,0.59778804,0.4056280985404732,0.5785720361762214,0
LA000343,TSI Riga,Economics,A2,Female,1,0.6015272,0.7946881050739814,0.6208433150735908,1
LA000344,TSI Riga,English Philology,B2,Other,1,0.58870363,0.8630100393032355,0.6161342611286573,1
LA000345,TSI Riga,Logistics,B2,Male,1,0.5981909,0.9246056257271332,0.6308323639490561,1
LA000346,TSI Riga,Data Science,B1,Female,0,0.5932789,0.04677625741849221,0.5386286102198461,0
LA000347,Daugavpils University,Psychology,B2,Prefer not to say,1,0.5995798,0.9084886191562987,0.6304706919022021,1
LA000348,TSI Riga,Economics,B1,Female,1,0.605546,0.7255593879081055,0.6175473128066187,1
LA000349,Daugavpils University,English Philology,B1,Male,0,0.59740674,0.06903956339571135,0.5445700387217732,0
LA000350,TSI Riga,Engineering,C1,Female,1,0.598324,0.8835982757912249,0.6268514342914637,1
LA000351,TSI Riga,Engineering,C1,Other,0,0.5999268,0.08056295829345025,0.5479904541545403,0
LA000352,Daugavpils University,Computer Science,C1,Prefer not to say,1,0.5930252,0.7467637641680459,0.6083990751053117,1
LA000353,TSI Riga,Computer Science,B1,Other,1,0.5962798,0.8472464716243394,0.6213764373044932,1
LA000354,Daugavpils University,Psychology,A2,Other,1,0.5954666,0.8389558682098225,0.6198155511344893,1
LA000355,TSI Riga,Business,C2,Prefer not to say,1,0.6015061,0.8625656969449046,0.6276120603789997,1
LA000356,TSI Riga,Logistics,C1,Male,0,0.5941515,0.3208171342697874,0.5668180487045361,0
LA000357,Daugavpils University,Computer Science,B2,Other,0,0.5897442,0.4064546946959243,0.5714152348466371,0
LA000358,TSI Riga,Logistics,C1,Male,1,0.595714,0.7913881252805373,0.6152814001897968,1
LA000359,TSI Riga,Data Science,B2,Female,0,0.5970317,0.09189991306595138,0.5465185325854343,0
LA000360,TSI Riga,Business,C1,Other,0,0.5954697,0.10894437990228312,0.546817144117395,0
LA000361,TSI Riga,Data Science,A2,Other,1,0.59645396,0.7403292745714283,0.6108414778149615,1
LA000362,TSI Riga,Economics,B1,Other,1,0.5948822,0.8421604955553104,0.6196100028788952,1
LA000363,Daugavpils University,Computer Science,C1,Prefer not to say,1,0.5882955,0.8265578927344756,0.6121217626506753,1
LA000364,Daugavpils University,Engineering,B2,Other,1,0.60030055,0.91140888368551,0.6314113957042138,1
LA000365,TSI Riga,Economics,B1,Female,1,0.6017456,0.7497259862619867,0.6165436197062157,1
LA000366,TSI Riga,Business,A2,Prefer not to say,0,0.5917883,0.3441939026806941,0.5670288530061065,0
LA000367,TSI Riga,Business,B1,Prefer not to say,0,0.59449387,0.32661597571951295,0.5677060888629974,0
LA000368,TSI Riga,Business,A2,Prefer not to say,0,0.5998714,0.09047023383235918,0.5489312926207542,0
LA000369,Daugavpils University,Data Science,B1,Prefer not to say,0,0.5971707,0.060773075718780246,0.5435309590001007,0
LA000370,TSI Riga,Engineering,A2,Other,1,0.58839226,0.7717404507115763,0.6067270412297574,1
LA000371,Daugavpils University,Data Science,C2,Male,1,0.5977673,0.8245502941286512,0.6204455994812245,1
LA000372,TSI Riga,Logistics,B2,Male,1,0.5945519,0.8351209901076043,0.6186088039706298,1
LA000373,Daugavpils University,Data Science,B1,Prefer not to say,0,0.59879196,0.060384974134087124,0.5449512705457329,0
LA000374,TSI Riga,English Philology,C2,Prefer not to say,1,0.5931281,0.8865458721874898,0.6224698519205922,1
LA000375,Daugavpils University,Business,C1,Male,1,0.5914062,0.833111121038329,0.6155767156461608,1
LA000376,TSI Riga,Engineering,B1,Male,1,0.5970127,0.8150702723144222,0.6188184619772308,1
LA000377,TSI Riga,Logistics,B1,Female,1,0.59663486,0.8326107880247697,0.6202324690498219,1
LA000378,Daugavpils University,Economics,B2,Male,0,0.59167063,0.07284531325269868,0.5397880766095411,0
LA000379,TSI Riga,Data Science,C1,Other,1,0.5948394,0.8542546496141197,0.6207809136842513,1
LA000380,TSI Riga,Psychology,B1,Prefer not to say,0,0.5967504,0.078847613427687,0.544960102090602,0
LA000381,TSI Riga,Engineering,B2,Prefer not to say,1,0.5947956,0.7548053695432034,0.6107965274023184,1
LA000382,TSI Riga,Computer Science,A2,Prefer not to say,1,0.59845346,0.832847928105996,0.621892866998832,1
LA000383,TSI Riga,Computer Science,B2,Female,1,0.5899733,0.8579301153833934,0.616768949381662,1
LA000384,Daugavpils University,English Philology,B1,Other,0,0.5962459,0.05533887294773971,0.5421551598587083,0
LA000385,Daugavpils University,English Philology,C2,Prefer not to say,1,0.5962012,0.8225141622050104,0.618832455649212,1
LA000386,TSI Riga,Logistics,B1,Female,1,0.5953762,0.6018229384067894,0.5960208382094229,0
LA000387,Daugavpils University,English Philology,A2,Female,1,0.59404695,0.7479054007297252,0.6094327596164295,1
LA000388,Daugavpils University,Business,A2,Prefer not to say,0,0.5935929,0.06583411459494974,0.5408169815583719,0
LA000389,TSI Riga,Logistics,A2,Female,0,0.597278,0.35247921122551557,0.5727981320753104,0
LA000390,Daugavpils University,Economics,B1,Prefer not to say,1,0.5933999,0.8528601978333554,0.619345901947337,1
LA000391,TSI Riga,Business,C1,Female,0,0.596928,0.3882381601081607,0.5760590164159369,0
LA000392,TSI Riga,Psychology,A2,Female,0,0.58555114,0.07056416248205884,0.5340524327505862,0
LA000393,Daugavpils University,Data Science,C1,Other,0,0.59357834,0.09217419611490664,0.5434379362931618,0
LA000394,Daugavpils University,English Philology,B2,Other,0,0.5995462,0.19846319216777022,0.5594378700438034,0
LA000395,Daugavpils University,Economics,B1,Prefer not to say,0,0.5924777,0.5957862921755556,0.5928085167030597,0
LA000396,TSI Riga,Data Science,C2,Prefer not to say,1,0.5955689,0.875173336766281,0.6235293275616683,1
LA000397,TSI Riga,Engineering,C2,Prefer not to say,1,0.6003176,0.8581082201452982,0.6260966477439,1
LA000398,Daugavpils University,Business,B1,Prefer not to say,0,0.5956743,0.41072130041993177,0.5771789549168711,0
LA000399,Daugavpils University,Psychology,C1,Prefer not to say,1,0.5979574,0.7803178763412213,0.6161934230329869,1
LA000400,Daugavpils University,Computer Science,C1,Male,0,0.59558696,0.08791373608179766,0.5448196395612437,0
LA000401,TSI Riga,Computer Science,C1,Prefer not to say,1,0.598732,0.8468532932255606,0.6235441006467137,1
LA000402,Daugavpils University,Logistics,C2,Male,1,0.5984902,0.8553887126349886,0.6241800260295816,1
LA000403,TSI Riga,Logistics,B2,Male,1,0.59766376,0.9028161138430092,0.6281789597882316,1
LA000404,Daugavpils University,Computer Science,C1,Male,1,0.6009382,0.6672181590756929,0.6075661967631296,1
LA000405,TSI Riga,English Philology,C2,Other,1,0.6002071,0.917659037677739,0.6319522493450138,1
LA000406,Daugavpils University,Data Science,B1,Other,0,0.59320164,0.2999563001519656,0.5638771154773853,0
LA000407,Daugavpils University,Economics,C2,Male,1,0.5905334,0.8844997327354646,0.6199299875977347,1
LA000408,Daugavpils University,Business,C1,Prefer not to say,1,0.602236,0.9273396584497728,0.6347462997149114,1
LA000409,TSI Riga,Psychology,C2,Prefer not to say,1,0.59309876,0.8843216543649669,0.6222210252807044,1
LA000410,Daugavpils University,Logistics,C1,Prefer not to say,1,0.59734774,0.8104131611227374,0.618654290755981,1
LA000411,TSI Riga,English Philology,C1,Male,1,0.5991216,0.8348583199629359,0.6226952574456649,1
LA000412,Daugavpils University,Engineering,B2,Other,1,0.5933858,0.8359679203080186,0.6176440380101109,1
LA000413,TSI Riga,English Philology,C2,Male,1,0.5986804,0.8665006305968156,0.6254624023655593,1
LA000414,TSI Riga,Business,C1,Female,1,0.60386395,0.8021202783086425,0.623689563078667,1
LA000415,TSI Riga,Computer Science,B2,Prefer not to say,1,0.58949816,0.8231736383305679,0.6128656979547609,1
LA000416,TSI Riga,Data Science,C1,Male,0,0.5917313,0.35123031422664097,0.5676811745615495,0
LA000417,Daugavpils University,Logistics,B1,Other,1,0.60232604,0.768896736015677,0.6189830697883962,1
LA000418,Daugavpils University,Economics,C1,Male,1,0.60107684,0.8814837867449151,0.6291175120515666,1
LA000419,TSI Riga,Computer Science,C1,Other,1,0.6008854,0.8563038110696517,0.6264271974559947,1
LA000420,TSI Riga,Psychology,C1,Prefer not to say,1,0.5976851,0.797676282465068,0.6176842289506999,1
LA000421,Daugavpils University,Engineering,C2,Male,1,0.5962759,0.8427870668130962,0.6209270397539719,1
LA000422,TSI Riga,Business,A2,Male,0,0.588602,0.0594511348958319,0.5356868775581867,0
LA000423,TSI Riga,Logistics,B2,Male,1,0.5899706,0.8478115727259444,0.6157546513254814,1
LA000424,Daugavpils University,English Philology,B1,Male,1,0.5979074,0.8729229880696455,0.6254089923036686,1
LA000425,Daugavpils University,Logistics,C1,Female,1,0.5954194,0.860272365130868,0.621904702714869,1
LA000426,TSI Riga,Business,C2,Prefer not to say,1,0.5960651,0.87661044940715,0.6241195968244125,1
LA000427,TSI Riga,Psychology,B1,Female,0,0.5992898,0.07497184851209279,0.5468579464936654,0
LA000428,TSI Riga,Engineering,C1,Male,0,0.5987425,0.08857756108060431,0.5477260045707374,0
LA000429,TSI Riga,Logistics,C2,Female,0,0.59723085,0.1024966469070981,0.5477574371363885,0
LA000430,Daugavpils University,Business,A2,Female,0,0.5958942,0.38166893699963894,0.5744716656001408,0
LA000431,Daugavpils University,Economics,B2,Prefer not to say,1,0.5967673,0.9239136972673931,0.6294819096589903,1
LA000432,Daugavpils University,Economics,C2,Prefer not to say,0,0.59465885,0.10056870891810724,0.5452498373529924,0
LA000433,Daugavpils University,English Philology,C2,Female,1,0.5973404,0.859058916885568,0.623512250216694,1
LA000434,TSI Riga,English Philology,C1,Prefer not to say,1,0.59368825,0.7560007282918437,0.6099194736165379,1
LA000435,Daugavpils University,Psychology,C1,Other,1,0.59033793,0.8579996638655049,0.6171040874040066,1
LA000436,TSI Riga,Computer Science,B1,Female,0,0.5966239,0.08953366465776076,0.5459148623420883,0
LA000437,Daugavpils University,Computer Science,B1,Male,1,0.5987194,0.8574173084640286,0.6245891772880532,1
LA000438,Daugavpils University,Data Science,C2,Other,1,0.5969851,0.845995369100692,0.6218861165189864,1
LA000439,TSI Riga,English Philology,A2,Prefer not to say,1,0.5901916,0.8665806897349498,0.6178305233306421,1
LA000440,Daugavpils University,Data Science,B1,Female,0,0.5987502,0.10025464897040677,0.5489006274985117,0
LA000441,Daugavpils University,English Philology,B1,Male,1,0.59334743,0.8898754919571495,0.6230002244810543,1
LA000442,Daugavpils University,English Philology,B2,Male,1,0.6029887,0.8414922252954811,0.626839082396644,1
LA000443,TSI Riga,Logistics,C1,Other,1,0.5981933,0.7946847074452881,0.6178424178880835,1
LA000444,Daugavpils University,Computer Science,B1,Male,1,0.59349394,0.778015959470099,0.6119461167065924,1
LA000445,Daugavpils University,Data Science,A2,Prefer not to say,0,0.60210127,0.06813012854774568,0.5487041108772355,0
LA000446,Daugavpils University,Economics,C2,Prefer not to say,1,0.5939386,0.84917089078871,0.6194617954234755,1
LA000447,TSI Riga,Business,B2,Male,0,0.5947937,0.05886646464238804,0.5412009679821831,0
LA000448,Daugavpils University,Economics,B2,Prefer not to say,0,0.59502494,0.19245732929686432,0.5547681938671865,0
LA000449,Daugavpils University,Business,B2,Prefer not to say,1,0.5962722,0.9269762354565416,0.6293425591535643,1
LA000450,Daugavpils University,Logistics,B1,Male,0,0.58749574,0.31395518848859955,0.5601416469311353,0
LA000451,TSI Riga,Data Science,C2,Female,0,0.5950055,0.3572970145475426,0.5712346386266903,0
LA000452,TSI Riga,English Philology,A2,Other,0,0.5972228,0.06051289332395475,0.5435517900114116,0
LA000453,Daugavpils University,Business,B2,Prefer not to say,1,0.5963782,0.8789625421534368,0.6246366168595392,1
LA000454,Daugavpils University,Economics,C1,Prefer not to say,1,0.596151,0.9278071708790564,0.6293165761958768,1
LA000455,Daugavpils University,English Philology,C1,Prefer not to say,0,0.59625787,0.07865735755936021,0.5444977967605746,0
LA000456,TSI Riga,Logistics,B2,Male,0,0.59201396,0.073050468132897,0.5401175825760766,0
LA000457,TSI Riga,English Philology,B1,Prefer not to say,0,0.5937413,0.053970891027177635,0.5397642332105363,0
LA000458,TSI Riga,Psychology,A2,Other,0,0.5936315,0.05880451660179881,0.5401487712669609,0
LA000459,TSI Riga,Economics,C2,Female,0,0.59708655,0.16856142466637575,0.5542340363913507,0
LA000460,Daugavpils University,Computer Science,C2,Female,0,0.59650695,0.45067997948369365,0.5819242320220083,0
LA000461,Daugavpils University,Business,C1,Prefer not to say,1,0.59629655,0.8039025841442652,0.617057128531614,1
LA000462,Daugavpils University,Engineering,A2,Other,1,0.59413457,0.7911774824777562,0.6138388247362705,1
LA000463,Daugavpils University,Business,C1,Male,1,0.5967165,0.8513258235922625,0.6221774651335793,1
LA000464,TSI Riga,Psychology,B1,Male,0,0.5929203,0.7921998302759684,0.6128482679587797,1
LA000465,TSI Riga,Logistics,B2,Male,0,0.5930059,0.06502011172416056,0.5402073053046487,0
LA000466,Daugavpils University,Business,A2,Other,1,0.5975829,0.7919754565956147,0.6170221167922214,1
LA000467,TSI Riga,Engineering,B2,Prefer not to say,0,0.5929285,0.19226262920693943,0.552861938827829,0
LA000468,TSI Riga,Psychology,C1,Male,0,0.5913586,0.4270506344152269,0.5749278112442571,0
LA000469,Daugavpils University,Psychology,A2,Other,1,0.5935783,0.7946324663509159,0.6136837037121179,1
LA000470,Daugavpils University,Engineering,C1,Other,1,0.59403634,0.8650238621900395,0.6211350690192969,1
LA000471,Daugavpils University,Economics,B2,Prefer not to say,1,0.6017492,0.9120974690259651,0.6327839866334315,1
LA000472,TSI Riga,Economics,A2,Male,0,0.5953913,0.416204262779135,0.5774725605056662,0
LA000473,TSI Riga,Computer Science,C1,Female,0,0.593837,0.07041132327458081,0.5414944647516219,0
LA000474,TSI Riga,English Philology,A2,Other,1,0.599527,0.7288415668678554,0.612458422166827,1
LA000475,Daugavpils University,English Philology,A2,Male,0,0.60024357,0.38092167455855014,0.5783113551923662,0
LA000476,TSI Riga,Economics,A2,Other,1,0.592108,0.5810505016342972,0.5910022245217976,0
LA000477,Daugavpils University,Data Science,A2,Prefer not to say,1,0.5902051,0.7676005348087944,0.6079446075809161,1
LA000478,TSI Riga,Business,B1,Prefer not to say,1,0.5943165,0.7266004972388792,0.6075448601715807,1
LA000479,Daugavpils University,Logistics,C2,Female,1,0.5944903,0.8789442412811208,0.6229356967683404,1
LA000480,TSI Riga,Business,C2,Prefer not to say,1,0.5953419,0.9538963048908399,0.631197359256479,1
LA000481,TSI Riga,Data Science,B2,Other,0,0.5959556,0.18369512000293636,0.5547295374061774,0
LA000482,TSI Riga,Engineering,C2,Prefer not to say,1,0.6024786,0.89303665500686,0.6315343907890771,1
LA000483,Daugavpils University,Logistics,A2,Prefer not to say,1,0.60076666,0.8551899109365945,0.6262089959192515,1
LA000484,TSI Riga,Engineering,B2,Other,0,0.5923768,0.4168857758896615,0.5748276872004774,0
LA000485,Daugavpils University,English Philology,A2,Prefer not to say,1,0.5963689,0.5464685236394349,0.5913788703578705,0
LA000486,Daugavpils University,Economics,B2,Other,0,0.59601355,0.4060521718449143,0.5770173966545536,0
LA000487,Daugavpils University,Computer Science,B2,Female,1,0.5988141,0.8418890738083401,0.6231215288598684,1
LA000488,Daugavpils University,Psychology,B1,Other,0,0.5929251,0.3865762787657792,0.5722902043421846,0
LA000489,TSI Riga,English Philology,C2,Male,0,0.5953837,0.10722245188751539,0.5465675844869998,0
LA000490,TSI Riga,Business,C2,Other,1,0.5929203,0.7473755901113233,0.6083658439423152,1
LA000491,Daugavpils University,Data Science,A2,Prefer not to say,1,0.6009762,0.7500402432245589,0.6158826182441173,1
LA000492,TSI Riga,Data Science,C1,Other,1,0.584112,0.8143306468455782,0.6071338126513242,1
LA000493,TSI Riga,Business,B1,Other,1,0.59736556,0.7789549624038468,0.6155245045335365,1
LA000494,Daugavpils University,Computer Science,A2,Prefer not to say,0,0.59427935,0.36754718443426165,0.5716060906854,0
LA000495,Daugavpils University,Data Science,B2,Female,1,0.6018485,0.8154041935063183,0.6232040660486299,1
LA000496,TSI Riga,Business,C1,Male,0,0.5933411,0.46965556368566713,0.5809725692126524,0
LA000497,Daugavpils University,Data Science,C2,Female,1,0.5947919,0.7489667660071732,0.6102093887932527,1
LA000498,TSI Riga,English Philology,B1,Male,0,0.5947435,0.3134412092234236,0.566613262119547,0
LA000499,TSI Riga,English Philology,A2,Other,0,0.59245855,0.6471954760504586,0.5979322093482099,0
LA000500,Daugavpils University,Computer Science,C2,Other,1,0.58559036,0.8164472435756436,0.6086760268096517,1
LA000501,Daugavpils University,English Philology,C1,Prefer not to say,0,0.58988917,0.09459816907658047,0.5403600568521161,0
LA000502,Daugavpils University,Psychology,B1,Female,0,0.5899421,0.11359334296473042,0.5423071983521066,0
LA000503,TSI Riga,Economics,A2,Female,0,0.60069865,0.3672033799630776,0.5773491288517154,0
LA000504,Daugavpils University,Psychology,B2,Female,1,0.5956665,0.9156144358464924,0.6276612947160884,1
LA000505,TSI Riga,Economics,C1,Other,1,0.5899894,0.925671900304046,0.6235576714070525,1
LA000506,TSI Riga,Psychology,A2,Female,0,0.5883448,0.07406161012230374,0.536916480245171,0
LA000507,Daugavpils University,Engineering,C1,Female,1,0.5919373,0.8530097912231642,0.6180445523110981,1
LA000508,TSI Riga,Logistics,B1,Prefer not to say,1,0.5939143,0.8260413691147578,0.6171269683514476,1
LA000509,TSI Riga,English Philology,B2,Male,0,0.5868349,0.09502840660557935,0.5376542335972645,0
LA000510,Daugavpils University,Computer Science,C1,Other,0,0.59285873,0.0824262406675965,0.5418154766783014,0
LA000511,TSI Riga,Logistics,A2,Prefer not to say,0,0.5955086,0.049559975677311366,0.540913691621381,0
LA000512,Daugavpils University,Engineering,C1,Other,1,0.5872032,0.8483698328405423,0.6133198376503567,1
LA000513,Daugavpils University,Computer Science,B2,Prefer not to say,1,0.59671175,0.8971410820947087,0.6267546994494,1
LA000514,Daugavpils University,Engineering,B2,Prefer not to say,1,0.5942179,0.798248503762865,0.6146209691125536,1
LA000515,Daugavpils University,Engineering,A2,Prefer not to say,1,0.5933906,0.8564700137785585,0.6196985388915888,1
LA000516,Daugavpils University,Data Science,B2,Other,1,0.5903952,0.9086712784819639,0.6222228068833832,1
LA000517,TSI Riga,Economics,A2,Other,1,0.5914072,0.7689311143661733,0.6091595494439721,1
LA000518,TSI Riga,Engineering,C2,Prefer not to say,1,0.5904416,0.8598006637373525,0.6173774686602648,1
LA000519,TSI Riga,English Philology,C2,Prefer not to say,1,0.596004,0.92134524073144,0.6285381204743585,1
LA000520,TSI Riga,Logistics,B2,Female,1,0.5957513,0.8437255620967714,0.6205487012864288,1
LA000521,Daugavpils University,Engineering,A2,Prefer not to say,0,0.5994321,0.1315152781389089,0.552640439442614,0
LA000522,Daugavpils University,Engineering,C1,Other,1,0.59707737,0.8588111355405061,0.62325072243314,1
LA000523,TSI Riga,Data Science,B2,Female,1,0.5947577,0.5688061596088401,0.5921625125520705,0
LA000524,TSI Riga,Engineering,A2,Other,0,0.5982704,0.6440414791805743,0.6028475344727754,1
LA000525,TSI Riga,Data Science,C2,Prefer not to say,1,0.59924847,0.8862546775234389,0.6279490957011049,1
LA000526,TSI Riga,English Philology,B1,Other,1,0.58502394,0.84688371038693,0.6112098749640165,1
LA000527,Daugavpils University,Logistics,C1,Prefer not to say,1,0.59928024,0.900210878048396,0.6293732663784479,1
LA000528,Daugavpils University,Psychology,C2,Male,1,0.59942603,0.922381005759685,0.6317215285773723,1
LA000529,TSI Riga,Computer Science,B2,Other,1,0.59563184,0.8745662930364885,0.6235252476012257,1
LA000530,Daugavpils University,Psychology,C2,Other,1,0.5916581,0.9205067983420627,0.6245429598406149,1
LA000531,Daugavpils University,English Philology,C1,Other,1,0.59378934,0.8378255823677881,0.6181929753167044,1
LA000532,Daugavpils University,Economics,B1,Prefer not to say,1,0.59793997,0.8507199596424938,0.6232179553415382,1
LA000533,Daugavpils University,Data Science,B1,Prefer not to say,0,0.60012347,0.3535319695105723,0.5754643214665907,0
LA000534,TSI Riga,Computer Science,C1,Female,1,0.5905776,0.8264780567220195,0.6141676358991002,1
LA000535,Daugavpils University,Logistics,B2,Female,0,0.5896661,0.4279508055918394,0.5734945720600384,0
LA000536,TSI Riga,Business,B1,Female,0,0.5944084,0.13492790477646233,0.5484603321722873,0
LA000537,Daugavpils University,Economics,C1,Prefer not to say,1,0.59830767,0.9337070884285427,0.631847593207936,1
LA000538,Daugavpils University,Economics,C2,Other,0,0.59453213,0.1489659165853974,0.5499754748296213,0
LA000539,Daugavpils University,Computer Science,A2,Female,0,0.5989269,0.05965117290865616,0.5449993050845973,0
LA000540,Daugavpils University,Psychology,B1,Female,1,0.59724426,0.7543999349533469,0.612959806079258,1
LA000541,TSI Riga,Economics,B1,Male,1,0.59860986,0.8381047649978949,0.6225593368589813,1
LA000542,TSI Riga,Logistics,C2,Other,1,0.5904099,0.8731323173702737,0.6186820833987094,1
LA000543,Daugavpils University,Psychology,A2,Female,1,0.58678377,0.5227894370415656,0.5803843218550965,0
LA000544,Daugavpils University,Engineering,B2,Male,1,0.59592235,0.9367356926519101,0.6300036731393975,1
LA000545,TSI Riga,Engineering,A2,Prefer not to say,1,0.592669,0.8414222058470697,0.6175443058889672,1
LA000546,Daugavpils University,Economics,C1,Male,1,0.59741557,0.8771741648786022,0.6253914262878175,1
LA000547,Daugavpils University,Computer Science,A2,Female,1,0.59216404,0.8317903124699823,0.6161266311348461,1
LA000548,TSI Riga,Business,B2,Female,1,0.5916314,0.8751217609364375,0.6199804354282079,1
LA000549,TSI Riga,Economics,B1,Male,1,0.5957794,0.7833538679617953,0.6145368638469608,1
LA000550,TSI Riga,Data Science,C2,Female,1,0.5947408,0.8426371302732478,0.6195304104340935,1
LA000551,Daugavpils University,Computer Science,C1,Female,1,0.59668,0.9007194821903781,0.6270839292294748,1
LA000552,Daugavpils University,Logistics,C1,Female,1,0.58983386,0.8457556470249659,0.6154260347685672,1
LA000553,TSI Riga,Computer Science,B1,Female,0,0.59398884,0.6646084327509637,0.6010507895450854,1
LA000554,TSI Riga,Data Science,C1,Female,0,0.59208035,0.08080538277331374,0.5409528574988279,0
LA000555,TSI Riga,Engineering,B2,Female,1,0.5932678,0.8884318258737207,0.6227842130896913,1
LA000556,TSI Riga,Economics,B2,Prefer not to say,1,0.5978242,0.8630509424690291,0.6243468647051243,1
LA000557,Daugavpils University,Economics,A2,Male,0,0.59909177,0.30000785421266757,0.5691833887804891,0
LA000558,TSI Riga,Logistics,B2,Prefer not to say,1,0.5949985,0.9023031852495424,0.6257289376045441,1
LA000559,Daugavpils University,English Philology,B1,Prefer not to say,1,0.59645575,0.7585748269267794,0.6126676423759054,1
LA000560,TSI Riga,English Philology,C2,Other,1,0.5896163,0.8262084957675396,0.6132755183847374,1
LA000561,TSI Riga,Data Science,A2,Male,1,0.59083694,0.7744647285958877,0.6091997148754273,1
LA000562,TSI Riga,Computer Science,B1,Female,0,0.597413,0.6578254979182995,0.603454235010641,1
LA000563,TSI Riga,Business,C2,Other,1,0.59699595,0.9062392327526426,0.6279202780459247,1
LA000564,TSI Riga,English Philology,C2,Female,1,0.59410626,0.8336058147268383,0.6180562067778596,1
LA000565,TSI Riga,Data Science,C1,Male,0,0.5974624,0.3134579990254423,0.5690619501863577,0
LA000566,TSI Riga,Data Science,A2,Male,1,0.593858,0.6946648567014315,0.603938653162056,1
LA000567,Daugavpils University,Data Science,B1,Male,0,0.59749305,0.5878497281223451,0.596528720046579,0
LA000568,TSI Riga,Economics,B1,Female,0,0.59356976,0.08035017183775733,0.5422477852616261,0
LA000569,TSI Riga,Data Science,A2,Male,1,0.60021895,0.6006911127898009,0.6002661260876349,1
LA000570,TSI Riga,Engineering,B2,Female,1,0.5990441,0.7812554981376011,0.6172652378287442,1
LA000571,Daugavpils University,Computer Science,C1,Female,1,0.593808,0.873898319490431,0.6218169979341505,1
LA000572,TSI Riga,Engineering,A2,Female,0,0.59469724,0.08932535823584192,0.5441600133740908,0
LA000573,Daugavpils University,English Philology,C1,Male,1,0.59925044,0.8206971602791545,0.6213950725113749,1
LA000574,TSI Riga,Psychology,B2,Male,1,0.60139734,0.8743158788209014,0.6286891481352335,1
LA000575,Daugavpils University,English Philology,B2,Female,0,0.59720683,0.2040093632731727,0.5578870722869425,0
LA000576,TSI Riga,Economics,A2,Other,0,0.5973412,0.3528306961226164,0.5728901433961362,0
LA000577,TSI Riga,English Philology,C1,Male,1,0.59986657,0.841745688597588,0.6240544869582085,1
LA000578,TSI Riga,Engineering,B2,Other,0,0.59836334,0.26607546711557234,0.5651345585828951,0
LA000579,Daugavpils University,Data Science,B2,Female,1,0.5937005,0.8944888511162145,0.6237793723629032,1
LA000580,TSI Riga,Engineering,A2,Prefer not to say,1,0.5918305,0.778121278394751,0.6104595587362341,1
LA000581,TSI Riga,Data Science,C1,Female,1,0.5995144,0.855414046864122,0.6251043452839463,1
LA000582,TSI Riga,Data Science,B1,Male,1,0.594273,0.7450040746782014,0.6093460576638956,1
LA000583,Daugavpils University,Economics,A2,Male,1,0.5933678,0.7891468063747401,0.6129457141534042,1
LA000584,Daugavpils University,Engineering,A2,Prefer not to say,1,0.5970038,0.7900990535183847,0.6163133530752272,1
LA000585,Daugavpils University,Business,B1,Female,0,0.59406626,0.15379152514800898,0.5500387766145324,0
LA000586,Daugavpils University,English Philology,A2,Other,1,0.5953332,0.8520615256313551,0.6210060135174201,1
LA000587,Daugavpils University,Psychology,C2,Other,0,0.5960442,0.1286416536598471,0.5493039417865779,0
LA000588,TSI Riga,Computer Science,B2,Female,1,0.5982829,0.8143707979467347,0.6198916720226092,1
LA000589,Daugavpils University,English Philology,B2,Female,1,0.6044542,0.8635434045196017,0.6303631318986459,1
LA000590,TSI Riga,English Philology,B2,Other,1,0.5883218,0.8273440713388274,0.6122240435550863,1
LA000591,Daugavpils University,Economics,A2,Prefer not to say,1,0.59374607,0.8140508328312888,0.6157765189253713,1
LA000592,Daugavpils University,English Philology,A2,Prefer not to say,0,0.5933054,0.07144797223450132,0.5411196235593572,0
LA000593,TSI Riga,Psychology,B1,Prefer not to say,1,0.5880776,0.7703185133655096,0.6063016658278229,1
LA000594,Daugavpils University,Psychology,C2,Female,1,0.5950265,0.8885021249729599,0.6243740443416258,1
LA000595,TSI Riga,Psychology,A2,Female,0,0.59331477,0.3092789092054774,0.5649111811160128,0
LA000596,Daugavpils University,Logistics,C2,Other,1,0.6002525,0.8921927260285846,0.6294465069664144,1
LA000597,TSI Riga,Computer Science,B1,Other,0,0.59621215,0.39794150133823525,0.5763850839335671,0
LA000598,TSI Riga,Engineering,C2,Other,1,0.5949075,0.9341735065562143,0.6288341325579346,1
LA000599,Daugavpils University,Logistics,B2,Prefer not to say,1,0.59548366,0.7924952776752524,0.6151848104747396,1
LA000600,TSI Riga,Engineering,C2,Female,1,0.59171844,0.7864184523289794,0.611188425070697,1
